<?xml version="1.0" encoding="UTF-8"?>
<project-private xmlns="http://www.netbeans.org/ns/project-private/1">
    <editor-bookmarks xmlns="http://www.netbeans.org/ns/editor-bookmarks/2" lastBookmarkId="0"/>
    <open-files xmlns="http://www.netbeans.org/ns/projectui-open-files/2">
        <group>
            <file>file:/C:/Program%20Files%20(x86)/Zend/Apache2/htdocs/MAC-MIS/admin_faculty_student_list.php</file>
            <file>file:/C:/Program%20Files%20(x86)/Zend/Apache2/htdocs/MAC-MIS/admin_student_list.php</file>
            <file>file:/C:/Program%20Files%20(x86)/Zend/Apache2/htdocs/MAC-MIS/include/sidemenu.php</file>
            <file>file:/C:/Program%20Files%20(x86)/Zend/Apache2/htdocs/MAC-MIS/include/DB_Functions.php</file>
        </group>
    </open-files>
</project-private>
